{"cameraMode":{"drawMode":0,"name":"Shaded","section":"Shading Mode"},"sceneLighting":false,"audioPlay":false,"sceneViewState":{"m_AlwaysRefresh":false,"showFog":true,"showSkybox":false,"showFlares":true,"showImageEffects":true,"showParticleSystems":true,"showVisualEffectGraphs":true,"m_FxEnabled":true},"in2DMode":false,"pivot":{"x":-0.0026634037494659425,"y":0.0012631341814994813,"z":-0.08237573504447937},"rotation":{"x":0.0015356786316260696,"y":0.8854601383209229,"z":-0.4647122919559479,"w":0.002922352869063616},"size":0.15740163624286652,"orthographic":false}